problem,checkpoint,strict_solved,isolated_solved,core_solved,passed_tests,total_tests,total_pass_rate,isolated_pass_rate,core_pass_rate,cost,duration_seconds,steps,input_tokens,cache_read_tokens,output_tokens,reasoning_tokens,loc,functions,cc_max,verbosity,erosion,cloned_pct
cfgpipe,1,False,False,True,33,37,0.8918918918918919,0.8918918918918919,1.0,0.053868,154.127259,22,80038,66048,7502,2264,214,9,18,0.3132530120481928,0.5810419481469775,0.0
cfgpipe,2,False,False,True,59,68,0.8676470588235294,0.8387096774193549,1.0,0.107722,253.1422,33,236115,213504,13020,5584,323,11,18,0.40234375,0.6443848768065583,0.0234375
cfgpipe,3,False,False,True,94,107,0.8785046728971962,0.8974358974358975,1.0,0.079627,122.473939,18,112703,95232,11948,5484,410,18,25,0.3543046357615894,0.41825514434015265,0.019867549668874173
cfgpipe,4,False,False,True,121,137,0.8832116788321168,0.9,1.0,0.582213,775.842442,63,1673398,1597824,63692,43982,820,28,26,0.4228855721393035,0.7038802374730658,0.09950248756218906
cfgpipe,5,False,True,True,171,187,0.9144385026737968,1.0,1.0,0.135279,183.688789,31,304113,278400,16577,7126,963,33,32,0.4295977011494253,0.706126388844561,0.08620689655172414
cfgpipe,6,False,True,True,200,216,0.9259259259259259,1.0,1.0,0.460013,594.366462,68,1441736,1380544,45249,30704,1064,35,32,0.40860215053763443,0.7171885304186059,0.08064516129032258
circuit_eval,1,True,True,True,36,36,1.0,1.0,1.0,0.24716,363.006624,24,428882,387392,36440,26445,1011,22,20,0.17158176943699732,0.511764094207385,0.021447721179624665
circuit_eval,2,True,True,True,99,99,1.0,1.0,1.0,0.145664,178.587933,35,339688,311616,17284,7260,1502,31,25,0.22427440633245382,0.6227131749455103,0.06860158311345646
circuit_eval,3,True,True,True,205,205,1.0,1.0,1.0,0.51564,617.712947,42,1236859,1156032,63472,41339,2507,46,31,0.21759747102212856,0.710081351067332,0.07270811380400422
circuit_eval,4,True,True,True,430,430,1.0,1.0,1.0,0.382453,308.744452,67,1341174,1264960,26914,10690,3019,57,37,0.2557235421166307,0.7062571082072256,0.09935205183585313
circuit_eval,5,True,True,True,457,457,1.0,1.0,1.0,0.466048,495.053541,69,1568936,1504128,40955,23534,3787,70,43,0.284719805081796,0.7431796631863473,0.11555864949530108
circuit_eval,6,True,True,True,508,508,1.0,1.0,1.0,0.453281,435.727835,91,1659769,1600128,35150,19955,4602,86,77,0.28259017324623686,0.7609666061868855,0.1261005396194263
circuit_eval,7,True,True,True,529,529,1.0,1.0,1.0,0.820874,770.891783,97,3159252,3064576,60150,36745,5638,110,101,0.26941691634017056,0.7876382497201617,0.12491357455634938
circuit_eval,8,False,False,False,564,566,0.9964664310954063,0.9459459459459459,0.8823529411764706,1.676893,1656.87885,135,6887252,6739840,114619,75232,7147,154,150,0.2845849802371542,0.8130360979572345,0.1218109953287819
code_search,1,True,True,True,13,13,1.0,1.0,1.0,0.04462,213.616995,12,48729,39040,7292,3807,254,8,23,0.13846153846153847,0.7644162489507408,0.03076923076923077
code_search,2,True,True,True,25,25,1.0,1.0,1.0,0.059474,217.01631,17,72020,51072,7850,4560,278,8,24,0.14953271028037382,0.7720568945019114,0.028037383177570093
code_search,3,False,False,False,42,47,0.8936170212765957,0.7727272727272727,0.875,1.718576,1610.925504,125,6733798,6577600,129443,108401,836,15,29,0.26375404530744334,0.6251728125558673,0.009708737864077669
code_search,4,False,False,False,49,75,0.6533333333333333,0.6785714285714286,0.6428571428571429,1.07168,1170.616677,92,3790917,3674304,93252,69833,1621,29,49,0.2667706708268331,0.7397579145025405,0.0093603744149766
code_search,5,False,False,False,72,104,0.6923076923076923,0.7241379310344828,0.8461538461538461,1.515385,1089.800353,161,6741865,6615424,84200,53482,2047,31,49,0.21127596439169138,0.7923211569432149,0.007121661721068249
dag_execution,1,False,False,False,28,33,0.8484848484848485,0.8484848484848485,0.6666666666666666,1.762826,3752.995927,102,6560581,6400832,146733,111982,2101,45,54,0.34348561759729274,0.7657760819494994,0.05752961082910321
dag_execution,2,False,False,False,34,41,0.8292682926829268,0.75,0.6,0.81739,728.674618,101,3274467,3191040,56892,38437,2627,55,61,0.3692927484333035,0.7816255597583902,0.06803939122649955
dag_execution,3,False,False,False,43,51,0.8431372549019608,0.8,0.6666666666666666,1.31792,1237.381199,159,5428492,5299840,86931,66704,2936,59,62,0.3606755126658625,0.8114405754385295,0.07076799356654603
database_migration,1,True,True,True,39,39,1.0,1.0,1.0,0.121423,280.15084,28,198895,165504,15806,5417,558,22,21,0.3133971291866029,0.6510480104608696,0.05502392344497608
database_migration,2,False,False,False,58,62,0.9354838709677419,0.8260869565217391,0.6666666666666666,0.09117,179.472337,33,201756,179712,10369,3469,805,25,47,0.33229329173166927,0.7806058607113404,0.1372854914196568
database_migration,3,False,True,True,82,87,0.9425287356321839,1.0,1.0,0.702215,712.336518,87,2320990,2232704,65278,36234,1874,48,83,0.25603217158176944,0.8592232545171089,0.1447721179624665
database_migration,4,False,False,False,107,117,0.9145299145299145,0.8333333333333334,0.8333333333333334,0.719028,649.35812,79,2510648,2422912,62003,34461,3028,74,99,0.29937369519832985,0.8599018052786574,0.12108559498956159
database_migration,5,False,False,False,123,137,0.8978102189781022,0.8,0.6666666666666666,0.441591,447.787019,79,1473794,1418752,40575,22786,4062,103,99,0.26800880780119535,0.7935267173660824,0.11355772255426234
datagate,1,True,True,True,50,50,1.0,1.0,1.0,0.148634,371.194882,35,235904,185792,17825,7518,442,9,17,0.24920127795527156,0.3804782242740153,0.08306709265175719
datagate,2,False,False,False,119,122,0.9754098360655737,0.9583333333333334,0.7777777777777778,0.056275,83.471969,20,105594,91584,7078,3885,552,10,17,0.25510204081632654,0.5694914059571933,0.0663265306122449
datagate,3,False,True,True,171,174,0.9827586206896551,1.0,1.0,0.249624,302.307914,71,795798,760704,23644,14013,677,13,23,0.3029045643153527,0.5500221003607478,0.05394190871369295
datagate,4,False,False,False,229,233,0.9828326180257511,0.9830508474576272,0.9166666666666666,0.308121,361.999902,64,861295,818112,34050,17010,1000,20,28,0.38950276243093923,0.577422119437745,0.09668508287292818
datagate,5,False,False,True,267,276,0.967391304347826,0.8837209302325582,1.0,0.082005,111.017865,26,188803,168320,8904,3134,1065,21,28,0.39210526315789473,0.5977070499909065,0.09473684210526316
datagate,6,False,False,True,341,353,0.9660056657223796,0.961038961038961,1.0,0.333807,375.662409,70,1129659,1085056,29457,13502,1902,42,28,0.2703081232492997,0.4598456544992132,0.04341736694677871
datagate,7,False,False,True,392,405,0.9679012345679012,0.9807692307692307,1.0,0.243341,282.378245,49,777813,735424,21351,10854,2404,60,28,0.23594266813671444,0.46569119532326125,0.040793825799338476
dynamic_buffer,1,True,True,True,30,30,1.0,1.0,1.0,4.326663,11133.060745,299,15612183,14996288,335539,266068,4098,115,88,0.393455098934551,0.8889770300186584,0.12861491628614916
dynamic_buffer,2,False,False,False,40,50,0.8,0.5,0.6,4.732006999999999,3900.850005,333,22363634,22003968,217423,148485,6236,159,170,0.3447166542934917,0.9127008291969249,0.13486760702796338
dynamic_buffer,3,False,False,False,84,104,0.8076923076923077,0.8148148148148148,0.8888888888888888,4.414371,3298.959071,291,22671737,22439232,150804,61988,10601,165,170,0.32159514925373134,0.9200550007513236,0.14762126865671643
dynamic_buffer,4,False,False,False,92,172,0.5348837209302325,0.11764705882352941,0.2,5.570826,4304.381007,450,27432489,27065152,222859,115051,15780,216,170,0.3552456839309429,0.927028020250492,0.19256308100929614
dynamic_config_service_api,1,False,False,True,45,47,0.9574468085106383,0.9574468085106383,1.0,0.448854,1429.68028,36,938734,869056,60903,40135,1256,32,63,0.23857868020304568,0.8314962634177504,0.048730964467005075
dynamic_config_service_api,2,False,True,True,91,93,0.978494623655914,1.0,1.0,0.506138,523.60949,61,1534207,1461184,50744,26129,2421,72,63,0.297339593114241,0.8258884756464937,0.08972352634324465
dynamic_config_service_api,3,False,False,False,25,76,0.32894736842105265,0.32894736842105265,0.4166666666666667,0.848818,750.761017,91,3072576,2979008,70822,40397,3727,112,109,0.27785326086956524,0.8289101963496094,0.09001358695652174
dynamic_config_service_api,4,False,False,False,45,81,0.5555555555555556,0.5555555555555556,0.6666666666666666,2.350571,1505.732247,223,10986957,10828288,116827,65138,5563,152,109,0.3263086335825969,0.8657735016755429,0.10083843190573306
env_manager,1,False,False,True,60,66,0.9090909090909091,0.9090909090909091,1.0,0.392099,543.989161,36,879968,823040,51583,37400,539,16,57,0.41114058355437666,0.8398362861546576,0.15119363395225463
env_manager,2,False,True,True,112,118,0.9491525423728814,1.0,1.0,0.386056,452.772595,57,1142074,1087808,40113,25045,811,22,51,0.3856893542757417,0.8119521964159137,0.08551483420593368
env_manager,3,False,True,True,181,187,0.9679144385026738,1.0,1.0,0.174192,218.227859,43,484182,454528,18324,9590,1126,27,51,0.456575682382134,0.8418257673378274,0.1513647642679901
env_manager,4,False,False,True,227,235,0.9659574468085106,0.9583333333333334,1.0,0.25091,322.253477,43,667145,626176,27950,16833,1436,34,51,0.43859649122807015,0.8881960902806371,0.1608187134502924
env_manager,5,False,False,True,290,304,0.9539473684210527,0.9130434782608695,1.0,0.756268,689.329124,91,2872737,2792384,58287,41675,1982,43,51,0.5109599395313681,0.8747314516127973,0.12244897959183673
etl_pipeline,1,False,False,True,39,41,0.9512195121951219,0.9512195121951219,1.0,0.367044,634.060311,20,527543,467072,58716,50382,843,24,26,0.24630541871921183,0.561729248294329,0.0755336617405583
etl_pipeline,2,False,True,True,71,73,0.9726027397260274,1.0,1.0,0.332623,474.644659,45,858693,809216,39036,25049,1776,46,51,0.27490636704119853,0.7560447805333552,0.11535580524344569
etl_pipeline,3,False,False,True,114,117,0.9743589743589743,0.9772727272727273,1.0,0.232164,302.082381,38,583580,540224,26135,13206,2391,54,51,0.21873336881319852,0.69250201728456,0.09473124002128792
etl_pipeline,4,False,True,True,131,134,0.9776119402985075,1.0,1.0,0.362462,564.609105,41,835705,776512,45497,32270,3161,64,51,0.1938046068308181,0.6821905592257873,0.08022239872915012
etl_pipeline,5,False,True,True,161,164,0.9817073170731707,1.0,1.0,0.184947,392.657426,39,502424,468416,19423,8032,3835,72,51,0.1893124796350603,0.694174601195334,0.0801564027370479
eve_industry,1,True,True,True,12,12,1.0,1.0,1.0,0.147174,217.379547,40,358819,330112,16771,10166,428,9,38,0.28618421052631576,0.5901981070848811,0.12828947368421054
eve_industry,2,True,True,True,33,33,1.0,1.0,1.0,0.895885,865.402252,110,3320263,3225152,72376,48069,782,20,46,0.22361359570661896,0.5877076354836168,0.06976744186046512
eve_industry,3,True,True,True,50,50,1.0,1.0,1.0,0.142441,230.98721,27,302424,273280,17758,13013,879,25,46,0.2253968253968254,0.5997684030526877,0.08095238095238096
eve_industry,4,True,True,True,59,59,1.0,1.0,1.0,0.491864,720.757584,57,1349229,1279936,55312,45696,1287,37,46,0.36324786324786323,0.6941433119202113,0.08974358974358974
eve_industry,5,False,False,True,69,73,0.9452054794520548,0.7142857142857143,1.0,2.398617,2728.599277,101,8475200,8231744,212564,195901,1543,43,46,0.37544483985765126,0.7158522676615737,0.08807829181494661
eve_industry,6,False,False,True,74,80,0.925,0.7142857142857143,1.0,2.310544,3613.918017,119,5930016,5473536,250281,232985,1866,49,47,0.39440765268579836,0.7724694466049021,0.12288447387785136
eve_jump_planner,1,False,False,True,3,11,0.2727272727272727,0.2727272727272727,1.0,4.146807,5092.985455,247,16419641,16032960,303547,268280,578,22,83,0.17660550458715596,0.8322648444471873,0.020642201834862386
eve_jump_planner,2,False,False,True,6,19,0.3157894736842105,0.375,1.0,1.522389,3837.99072,134,5691582,5405504,96433,65889,805,31,89,0.1635434412265758,0.8110064740914658,0.015332197614991482
eve_jump_planner,3,False,False,True,10,31,0.3225806451612903,0.3333333333333333,1.0,1.440919,1699.576315,137,5851855,5724416,100986,68629,1100,35,58,0.36755386565272496,0.8448457917192337,0.026615969581749048
eve_market_tools,1,False,False,False,5,10,0.5,0.5,0.5,0.576002,779.7928,58,1617505,1540480,64088,47086,1470,50,26,0.19724770642201836,0.5042583525078496,0.11192660550458716
eve_market_tools,2,False,False,False,12,28,0.42857142857142855,0.3888888888888889,0.7,1.3111,1381.388913,208,5372626,5224704,83656,56486,2524,78,44,0.2888311688311688,0.6114758233134037,0.09090909090909091
eve_market_tools,3,False,False,False,12,62,0.1935483870967742,0.0,0.0,2.900608,3065.335164,285,14312319,14143552,119327,67068,3848,110,198,0.4248430789560621,0.820676050101899,0.10802775024777007
eve_market_tools,4,False,False,False,12,75,0.16,0.0,0.0,1.605268,1640.213193,179,7248056,7129728,88026,51701,5276,135,198,0.41155321188878236,0.8472970824020839,0.11001917545541706
eve_route_planner,1,True,True,True,11,11,1.0,1.0,1.0,0.914297,1102.560607,134,3474318,3382080,71384,49480,483,7,62,0.09340659340659341,0.8490214301296952,0.038461538461538464
eve_route_planner,2,False,False,True,19,25,0.76,0.6428571428571429,1.0,1.572299,2513.413852,106,5969298,5819584,124735,94541,1339,17,62,0.21082089552238806,0.8476307793580069,0.09421641791044776
eve_route_planner,3,False,False,False,24,41,0.5853658536585366,0.3125,0.0,1.712111,1821.401764,172,7792873,7666368,91328,68882,1988,34,62,0.20444718962322422,0.8490315901895888,0.08338480543545398
execution_server,1,False,False,True,43,45,0.9555555555555556,0.9555555555555556,1.0,0.049758,106.110219,17,64530,54336,7845,2644,363,6,22,0.39655172413793105,0.46348559984750853,0.1310344827586207
execution_server,2,False,True,True,56,58,0.9655172413793104,1.0,1.0,0.04018,69.280584,19,71426,61440,5216,1680,451,8,28,0.4428969359331476,0.563769513962146,0.10584958217270195
execution_server,3,False,True,True,99,101,0.9801980198019802,1.0,1.0,0.090559,160.813499,26,167125,149440,12462,7259,781,18,28,0.35175879396984927,0.6148080608079545,0.06700167504187604
execution_server,4,False,True,True,147,149,0.9865771812080537,1.0,1.0,0.21728,260.873603,51,670453,635008,20502,9754,1193,28,26,0.29506437768240346,0.6487382044586374,0.08798283261802575
execution_server,5,False,True,True,183,185,0.9891891891891892,1.0,1.0,0.141213,211.099235,31,343206,313408,15690,9253,1486,33,28,0.28484848484848485,0.6058552095101717,0.09696969696969697
execution_server,6,False,False,False,68,70,0.9714285714285714,0.9411764705882353,0.9285714285714286,0.417523,615.447216,46,1122100,1054976,46240,28339,2038,43,28,0.3440514469453376,0.6648176839873072,0.07781350482315112
file_backup,1,False,False,True,19,32,0.59375,0.59375,1.0,0.075106,135.777891,20,112062,96832,11286,6505,324,9,22,0.1038961038961039,0.8911410405198048,0.0
file_backup,2,False,False,True,32,50,0.64,0.7222222222222222,1.0,0.086301,124.641538,35,223895,205696,9025,4481,474,13,27,0.10632183908045977,0.8399185002870246,0.0
file_backup,3,False,False,True,44,68,0.6470588235294118,0.6666666666666666,1.0,0.081511,130.531223,18,127062,104448,10829,6196,559,15,30,0.15458937198067632,0.7914536087935883,0.0
file_backup,4,False,False,True,58,89,0.651685393258427,0.6666666666666666,1.0,0.037537,113.03523,28,92485,79104,3042,992,559,15,30,0.15458937198067632,0.7914536087935883,0.0
file_merger,1,True,True,True,46,46,1.0,1.0,1.0,1.26123,2140.272366,108,4800177,4687232,100994,78332,1033,54,29,0.26727509778357234,0.3054560006520543,0.08735332464146023
file_merger,2,False,False,False,84,86,0.9767441860465116,0.95,0.9090909090909091,0.580301,1010.49649,53,1504268,1422400,68735,44861,1921,97,27,0.2697414395527603,0.3693751295897473,0.1013277428371768
file_merger,3,False,True,True,102,104,0.9807692307692307,1.0,1.0,0.333842,502.054634,60,1065795,1013568,30514,15391,2632,132,27,0.21921921921921922,0.36187886875606445,0.07857857857857858
file_merger,4,False,False,False,134,147,0.9115646258503401,0.7441860465116279,0.6842105263157895,1.258126,1278.031351,148,5468159,5364096,75253,42774,3594,163,28,0.2460202604920405,0.5053496870867713,0.06693198263386396
file_query_tool,1,False,False,True,18,20,0.9,0.9,1.0,0.557956,1055.727753,32,1159700,1077888,76943,63156,1253,24,65,0.3713991769547325,0.7178334511008898,0.12551440329218108
file_query_tool,2,False,False,True,47,50,0.94,0.9666666666666667,1.0,0.111675,192.839681,37,300138,277760,11494,4469,1447,33,65,0.3524663677130045,0.6412169968844613,0.12197309417040358
file_query_tool,3,False,True,True,56,59,0.9491525423728814,1.0,1.0,0.145193,260.26924,54,493881,468288,11488,4470,1539,35,65,0.3463497453310696,0.6425336977988738,0.11544991511035653
file_query_tool,4,False,True,True,63,66,0.9545454545454546,1.0,1.0,1.617161,1551.644463,150,6886655,6752512,102331,69331,2134,48,70,0.34549878345498786,0.7623433222363813,0.12347931873479319
file_query_tool,5,False,False,False,73,81,0.9012345679012346,0.5333333333333333,0.75,1.345146,1398.847995,135,5530402,5408512,90997,59057,2991,68,79,0.3384615384615385,0.7475492461005568,0.1329059829059829
forge,1,False,False,True,38,40,0.95,0.95,1.0,0.078375,189.864674,24,129414,115968,11762,5130,281,14,14,0.17708333333333334,0.46564231342827117,0.0
forge,2,False,True,True,68,70,0.9714285714285714,1.0,1.0,0.053709,128.172924,24,118535,105472,6106,363,416,23,14,0.36177474402730375,0.6713463237044841,0.06825938566552901
forge,3,False,True,True,99,101,0.9801980198019802,1.0,1.0,0.052565,121.837049,14,70742,55296,7261,3106,542,25,19,0.37626262626262624,0.7934886606337677,0.14898989898989898
forge,4,False,True,True,140,142,0.9859154929577465,1.0,1.0,0.064409,198.557824,19,116849,100416,8183,1141,741,34,20,0.3889908256880734,0.7651128023387862,0.14495412844036698
forge,5,False,True,True,164,166,0.9879518072289156,1.0,1.0,0.090308,386.10012,41,295842,277120,7046,1410,838,39,24,0.3733974358974359,0.7322294050865635,0.14262820512820512
forge,6,False,False,True,199,214,0.9299065420560748,0.7291666666666666,1.0,0.136697,400.135453,25,300169,267776,15770,5436,1201,59,36,0.3669623059866962,0.6205633033401234,0.2073170731707317
forge,7,False,False,True,232,251,0.9243027888446215,0.9428571428571428,1.0,0.270288,485.641289,57,876646,836416,24561,14917,1344,67,38,0.33300099700897307,0.6039216666155139,0.18245264207377868
forge,8,False,False,True,275,295,0.9322033898305084,0.9772727272727273,1.0,0.370422,776.141191,53,1254002,1192768,30352,20021,1694,81,53,0.29936808846761453,0.5880566636067682,0.16429699842022116
l2m,1,True,True,True,52,52,1.0,1.0,1.0,0.242254,590.557676,18,321672,280640,39593,35856,240,11,13,0.07142857142857142,0.674280785763485,0.047619047619047616
l2m,2,False,False,False,16,20,0.8,0.8,0.6666666666666666,0.171349,373.212768,29,321299,292352,24268,19482,430,19,13,0.06818181818181818,0.37133796130544094,0.025974025974025976
l2m,3,False,False,False,42,49,0.8571428571428571,0.8571428571428571,0.8,0.38713,743.220117,47,979208,920512,46022,36109,734,34,13,0.19597069597069597,0.2049414484782857,0.08608058608058608
l2m,4,False,False,True,81,84,0.9642857142857143,0.9642857142857143,1.0,0.223663,438.995476,57,512037,466752,26491,18024,895,40,13,0.1838905775075988,0.17395432093865537,0.07142857142857142
l2m,5,False,False,True,43,64,0.671875,0.671875,1.0,0.413569,646.435858,75,1362511,1310144,38549,29132,1023,43,16,0.17150395778364116,0.33228218068396675,0.06200527704485488
layered_config_synthesizer,1,False,False,False,14,25,0.56,0.56,0.125,0.687198,1460.764783,37,1512677,1415040,92009,75586,7156,122,46,0.29451010293556995,0.49292144756011613,0.19462447579107892
layered_config_synthesizer,2,False,False,False,30,53,0.5660377358490566,0.5714285714285714,0.2,0.459178,809.669208,59,1299521,1232704,49617,31229,7992,168,46,0.30314827352742046,0.46380672972013787,0.20429925524712256
layered_config_synthesizer,3,False,False,False,43,77,0.5584415584415584,0.5833333333333334,0.2222222222222222,0.408989,655.082902,64,1187704,1129216,43187,22702,8917,212,46,0.29221071589374153,0.45832190055531713,0.1880534293861624
layered_config_synthesizer,4,False,False,False,50,98,0.5102040816326531,0.3333333333333333,0.2222222222222222,0.401362,663.643943,62,1215953,1155456,39754,17961,9870,261,46,0.28307733764483967,0.47130757660905487,0.17852330908111022
log_query,1,True,True,True,134,134,1.0,1.0,1.0,0.102207,209.505065,30,190027,172288,14447,7379,520,12,47,0.5450236966824644,0.7511520104987179,0.12322274881516587
log_query,2,False,False,False,206,207,0.9951690821256038,0.9863013698630136,0.8,0.662493,1275.22056,50,1747257,1657728,78051,68721,790,20,47,0.43601895734597157,0.7379258332721758,0.10584518167456557
log_query,3,False,False,True,260,262,0.9923664122137404,0.9818181818181818,1.0,0.556391,905.078828,53,1584329,1498944,58861,41778,1212,29,47,0.384204909284952,0.8005412251868446,0.09071504802561366
log_query,4,False,True,True,297,299,0.9933110367892977,1.0,1.0,0.806784,1209.530551,64,2529923,2419904,78770,63408,1484,34,66,0.38835794960903564,0.7819868960769584,0.11642050390964379
log_query,5,False,False,True,331,336,0.9851190476190477,0.9459459459459459,1.0,1.276613,1818.923227,108,4464337,4357184,119417,75453,1914,44,69,0.34548002803083394,0.7993256023365086,0.1051156271899089
meshctl,1,False,False,True,77,83,0.927710843373494,0.927710843373494,1.0,0.111346,295.799373,24,181210,162304,16854,6704,502,17,51,0.6613756613756614,0.8556576282853102,0.10582010582010581
meshctl,2,False,False,True,105,116,0.9051724137931034,0.8787878787878788,1.0,0.493983,1085.931096,27,848503,764416,72949,57441,1663,39,68,0.5418894830659536,0.8292338813163508,0.08645276292335116
meshctl,3,False,False,True,135,150,0.9,0.8823529411764706,1.0,0.200214,357.757576,39,476405,440576,23921,11263,2254,51,68,0.4895150720838794,0.8226330017468367,0.09698558322411534
meshctl,4,False,False,False,175,194,0.9020618556701031,0.8863636363636364,0.6666666666666666,0.207683,329.912402,56,648653,613120,18957,10292,2777,53,62,0.5075839653304443,0.8564102024877067,0.11755146262188516
meshctl,5,False,False,True,243,267,0.9101123595505618,0.9315068493150684,1.0,0.247983,420.817952,37,605918,559680,28627,13667,3911,74,62,0.4784254352763058,0.8537845008332325,0.14723694171082513
meshctl,6,False,False,True,39,40,0.975,0.975,1.0,0.450883,662.253424,49,1347048,1270208,43663,26382,4171,79,80,0.5012267788293024,0.8671384220963299,0.14195583596214512
meshctl,7,True,True,True,42,42,1.0,1.0,1.0,0.298959,514.567319,55,870360,818368,29657,19643,5046,89,80,0.4739027283511269,0.8539861160986302,0.1423487544483986
meshctl,8,False,False,True,74,78,0.9487179487179487,0.9487179487179487,1.0,0.466876,630.671383,87,1692951,1634240,37406,17504,6431,106,87,0.4419717635798038,0.8544389323833712,0.13280689160086145
metric_transform_lang,1,True,True,True,46,46,1.0,1.0,1.0,0.557274,962.496998,60,1652510,1582016,59296,42406,919,31,32,0.3902759526938239,0.8087917475083654,0.04204993429697766
metric_transform_lang,2,False,False,True,97,98,0.9897959183673469,0.9807692307692307,1.0,1.035724,2697.022678,169,3910447,3791360,78993,45535,1876,55,60,0.42449238578680204,0.8138410942231389,0.10596446700507614
metric_transform_lang,3,False,False,True,163,164,0.9939024390243902,0.9848484848484849,1.0,1.073989,1177.329831,115,4273010,4158400,74942,50999,2381,74,68,0.36262061960385983,0.7923890415247186,0.06957846622651091
metric_transform_lang,4,False,False,True,132,226,0.584070796460177,0.24193548387096775,1.0,1.508768,1360.523349,158,6571636,6448768,90060,54843,3474,106,68,0.3921768707482993,0.8094230343900742,0.09523809523809523
metric_transform_lang,5,False,False,True,27,74,0.36486486486486486,0.9615384615384616,1.0,2.667165,1579.46009,297,13655666,13515456,92872,49075,4631,140,76,0.3778694867165334,0.801639010464628,0.08047459375806036
migrate_configs,1,False,False,True,21,23,0.9130434782608695,0.9130434782608695,1.0,0.336223,788.790864,27,582674,527360,49824,39005,8173,82,46,0.2751200132428406,0.4814508962705722,0.1590796225790432
migrate_configs,2,False,True,True,49,51,0.9607843137254902,1.0,1.0,0.13884,259.054416,31,307397,279872,16978,6972,9087,91,46,0.2574736225087925,0.47573749183877884,0.14522274325908557
migrate_configs,3,False,False,True,74,81,0.9135802469135802,0.8333333333333334,1.0,0.462976,776.110718,48,1301419,1231040,49787,26914,10782,111,46,0.2529943779027133,0.4749555948668551,0.1370080664874114
migrate_configs,4,False,False,True,92,102,0.9019607843137255,0.8571428571428571,1.0,1.363494,2079.387914,184,5600934,5490688,95063,69729,12296,129,52,0.26609668566603334,0.5071176709066049,0.1327844627401309
migrate_configs,5,False,False,True,112,129,0.8682170542635659,0.7407407407407407,1.0,0.160796,249.36823,27,397208,358976,16760,8548,12606,142,52,0.2739810621655002,0.5180729762389469,0.12947715109098396
mocked_http,1,False,False,True,25,29,0.8620689655172413,0.8620689655172413,1.0,0.681728,1341.447257,37,1497933,1400704,91312,68751,2292,79,42,0.3915401301518438,0.7370115373008007,0.06019522776572668
mocked_http,2,False,False,False,45,55,0.8181818181818182,0.7692307692307693,0.75,0.535921,742.562681,76,1899424,1829952,44282,29682,3061,102,47,0.36988001654944147,0.6803457430448174,0.08564335953661564
mocked_http,3,False,False,True,65,78,0.8333333333333334,0.8695652173913043,1.0,1.253202,1634.904189,192,5650004,5549760,67502,33713,4289,116,68,0.37542982181931855,0.6859652659205657,0.08846514535792435
mocked_http,4,False,False,True,78,100,0.78,0.5909090909090909,1.0,0.764615,807.24827,85,2971194,2862848,50907,35487,5103,131,73,0.3631827731092437,0.6808345829751719,0.10005252100840337
mocked_http,5,False,False,True,97,120,0.8083333333333333,0.95,1.0,1.138243,1118.016846,157,5031507,4932864,63819,38693,6306,149,73,0.3432678080744029,0.6542759544596031,0.09194673430564362
mocked_http,6,False,True,True,124,147,0.8435374149659864,1.0,1.0,0.584177,555.273451,91,2497781,2424896,31738,15814,7208,162,85,0.3414356247626282,0.6659883749555316,0.10197493353589061
mocked_http,7,False,False,False,133,165,0.806060606060606,0.5,0.3333333333333333,2.990839,3307.306481,340,15219227,15064512,108385,55320,9510,219,113,0.3250072191741265,0.6198874755885541,0.10265665607854461
mocked_http,8,False,False,False,155,200,0.775,0.6285714285714286,0.6666666666666666,2.683009,2732.597285,257,13824913,13669056,86974,44337,11550,255,126,0.32758013384994716,0.6273907390679984,0.09991781143595163
mvvault,1,False,False,True,35,37,0.9459459459459459,0.9459459459459459,1.0,0.099088,231.740896,29,197229,180800,13638,5899,695,29,31,0.28346456692913385,0.6067950961980338,0.011811023622047244
mvvault,2,False,True,True,65,67,0.9701492537313433,1.0,1.0,0.214942,398.892265,44,541836,506112,25006,14217,1162,48,58,0.256,0.676274309629493,0.036571428571428574
mvvault,3,False,True,True,113,115,0.9826086956521739,1.0,1.0,0.434469,745.271672,56,1300846,1239744,44515,23091,2125,81,58,0.23057953144266338,0.7301882882435222,0.06781750924784218
mvvault,4,False,False,True,152,155,0.9806451612903225,0.975,1.0,0.727574,812.411828,98,2916303,2837184,49616,29420,3098,100,63,0.2278797996661102,0.7327129959625559,0.07888146911519199
mvvault,5,False,True,True,182,185,0.9837837837837838,1.0,1.0,0.324434,431.7837,44,989392,925056,28827,18165,3781,121,63,0.24086094977792963,0.7178098685141299,0.09634437991117185
mvvault,6,False,False,False,41,42,0.9761904761904762,0.9761904761904762,0.8,0.303358,807.796414,87,1038838,993600,25352,9971,4548,141,63,0.25749858517260893,0.7422542042593696,0.10299943406904358
pwd_manager,1,False,False,False,47,55,0.8545454545454545,0.8545454545454545,0.8695652173913043,0.276323,524.468663,40,589930,548736,37348,30542,460,21,16,0.05604719764011799,0.5003480474799288,0.02359882005899705
pwd_manager,2,False,False,False,79,108,0.7314814814814815,0.6037735849056604,0.7777777777777778,0.15056,215.173881,47,422796,396800,15594,7709,843,38,16,0.1646525679758308,0.3400343158189341,0.061933534743202415
pwd_manager,3,False,False,False,95,154,0.6168831168831169,0.34782608695652173,0.6666666666666666,1.698045,2305.985805,171,7023914,6879296,114993,81316,1307,63,16,0.22422422422422422,0.29982383054050527,0.06906906906906907
pwd_manager,4,False,False,True,145,213,0.6807511737089202,0.847457627118644,1.0,0.229276,324.32119,51,699136,664512,22515,13295,1722,78,17,0.2076749435665914,0.3440173545519861,0.07373965387509406
pwd_manager,5,False,False,False,175,257,0.6809338521400778,0.6818181818181818,0.6666666666666666,0.736515,1073.973369,89,2578985,2493760,64137,51322,2000,86,17,0.2458249832999332,0.3611042953393652,0.06680026720106881
recli,1,False,False,True,32,34,0.9411764705882353,0.9411764705882353,1.0,0.640063,1296.568019,23,997023,893248,99639,86341,837,32,29,0.20627062706270627,0.6682934521320815,0.039603960396039604
recli,2,False,False,False,64,71,0.9014084507042254,0.8648648648648649,0.8888888888888888,0.918329,1150.489643,83,3162752,3061312,83038,60437,1680,68,34,0.22533022533022534,0.6031622427172192,0.04351204351204351
recli,3,False,False,False,87,105,0.8285714285714286,0.6764705882352942,0.5714285714285714,0.732885,888.517972,81,2581981,2494272,62620,44210,2341,106,41,0.24434389140271492,0.6110259327697748,0.03733031674208145
recli,4,False,False,False,112,133,0.8421052631578947,0.8928571428571429,0.8,0.592297,611.485967,88,2314888,2244736,41624,26688,2900,127,41,0.2720962517353077,0.5757270094465479,0.05923183711244794
recli,5,False,False,False,123,151,0.8145695364238411,0.6111111111111112,0.4,0.241073,357.510967,79,814433,779776,20846,13367,3197,142,41,0.2578191039729501,0.551012449607947,0.057480980557903634
recli,6,False,False,False,137,184,0.7445652173913043,0.42424242424242425,0.16666666666666666,1.312366,1200.857103,178,5961789,5860608,69637,43277,4055,208,41,0.24830393487109906,0.4780828154992808,0.062075983717774764
recli,7,False,False,False,150,214,0.7009345794392523,0.5333333333333333,0.4,1.18541,1194.224048,138,4975296,4867456,76043,48030,5108,261,41,0.2445047489823609,0.4304271995732883,0.06757123473541383
recli,8,False,False,False,177,255,0.6941176470588235,0.7073170731707317,0.7142857142857143,2.570593,1950.191345,219,12297711,12082816,108299,68097,6392,317,41,0.24495924495924495,0.4635613479183798,0.06928356928356928
rejector,1,False,False,False,20,21,0.9523809523809523,0.9523809523809523,0.9333333333333333,0.305105,571.5818,34,671729,626112,40398,27245,1155,40,37,0.27175080558539205,0.4842856419714547,0.034371643394199784
rejector,2,False,False,False,32,34,0.9411764705882353,0.9230769230769231,0.9,0.516705,868.663172,50,1393339,1316800,58327,32932,2376,74,50,0.28439425051334705,0.6586367589780808,0.058521560574948665
rejector,3,False,False,True,47,50,0.94,0.9375,1.0,0.399051,891.142466,57,1286630,1223872,35903,17403,3557,106,58,0.28189300411522633,0.676805379987718,0.08573388203017833
rejector,4,False,False,False,63,67,0.9402985074626866,0.9411764705882353,0.9,0.803601,1570.350776,95,2967159,2879616,64924,39272,5105,162,71,0.2992941176470588,0.6493748689679181,0.09058823529411765
rejector,5,False,False,False,72,79,0.9113924050632911,0.75,0.6666666666666666,1.627036,3544.09406,126,6562745,6415424,115154,75752,6861,206,86,0.3059623430962343,0.6899149766406405,0.09728033472803348
sheeteval,1,False,False,True,23,24,0.9583333333333334,0.9583333333333334,1.0,0.11429,251.067153,21,156734,136256,18259,9498,310,11,21,0.20588235294117646,0.5775613942649911,0.058823529411764705
sheeteval,2,False,False,True,41,44,0.9318181818181818,0.9,1.0,0.12607,238.388856,25,227554,202496,17466,9265,710,20,32,0.3973634651600753,0.5884720598241275,0.026365348399246705
sheeteval,3,False,False,True,61,68,0.8970588235294118,0.8333333333333334,1.0,0.528119,848.760653,48,1313237,1236032,64252,47327,1824,46,60,0.3492286115007013,0.6537257742043422,0.028050490883590462
sheeteval,4,False,False,True,83,93,0.8924731182795699,0.88,1.0,0.521542,625.410133,67,1692697,1621312,48579,32000,2499,55,77,0.3292939936775553,0.6502357456063809,0.03371970495258166
sheeteval,5,False,False,True,103,116,0.8879310344827587,0.8695652173913043,1.0,0.39265,531.034136,52,1221838,1154368,35964,25835,3036,61,104,0.34668989547038326,0.7140527309423439,0.04921602787456446
sheeteval,6,False,False,True,127,144,0.8819444444444444,0.8571428571428571,1.0,0.659962,814.842791,81,2239415,2153088,58364,40786,4130,72,163,0.37085271317829455,0.8076300448311823,0.06046511627906977
sheeteval,7,False,False,False,142,164,0.8658536585365854,0.75,0.3333333333333333,0.510388,570.110007,71,1821908,1750208,40560,22409,4857,84,175,0.3922695220684252,0.8359013489096698,0.0770436145207626
sith,1,False,False,True,38,39,0.9743589743589743,0.9743589743589743,1.0,2.966435,3146.911638,130,12105400,11864832,209881,164279,1823,24,50,0.18938885157824042,0.7537741158601143,0.055070517125587644
sith,2,False,False,True,72,75,0.96,0.9444444444444444,1.0,4.502452,3277.456397,284,22458058,22216704,179623,110578,3561,79,55,0.1817258883248731,0.7686104621134789,0.050761421319796954
sith,3,False,False,True,104,108,0.9629629629629629,0.9696969696969697,1.0,3.171685,2526.720686,256,15547996,15325632,127084,78121,4564,92,55,0.16389548693586697,0.7458389038757698,0.04407495381367115
sith,4,False,False,False,134,146,0.9178082191780822,0.7894736842105263,0.8181818181818182,3.658209,2889.570764,269,18114529,17843712,136484,95539,6736,154,55,0.20913852266570346,0.7433463660622834,0.05797363193064837
sith,5,False,False,False,170,186,0.9139784946236559,0.9,0.8571428571428571,3.101167,3431.558817,213,14091955,13841664,162180,117612,8759,218,65,0.22399340387522332,0.7573019898665062,0.05977738078878659
sith,6,False,False,False,205,228,0.8991228070175439,0.8333333333333334,0.7619047619047619,1.817863,1952.974431,176,7928455,7698176,91846,53853,10226,268,65,0.21224634261444078,0.7394966388249756,0.058164228409627185
test_translator,1,False,False,True,88,102,0.8627450980392157,0.8627450980392157,1.0,1.180526,1569.913861,83,4030888,3904960,109025,81133,1003,33,18,0.38765432098765434,0.51123560287092,0.01728395061728395
test_translator,2,False,False,False,203,609,0.3333333333333333,0.22090729783037474,0.4166666666666667,1.314624,1679.659371,73,4237627,4072384,126516,92437,1751,50,48,0.46812885538039756,0.7087541294561999,0.013708019191226868
test_translator,3,False,False,False,281,703,0.39971550497866287,0.8297872340425532,0.8333333333333334,1.106606,1424.374576,85,3678114,3530240,100322,61233,2663,56,48,0.465423932651834,0.781004842335485,0.00841852074564041
test_translator,4,False,False,False,530,1021,0.5190989226248776,0.7830188679245284,0.8541666666666666,1.172125,1517.719707,103,4386726,4232384,87080,58373,3072,68,48,0.4868287740628166,0.7889940972099326,0.016210739614994935
test_translator,5,False,False,True,1081,1582,0.6833122629582806,0.9376114081996435,1.0,2.123783,2186.731453,173,9588254,9387072,107682,77645,3418,77,48,0.46495648190563443,0.7623780853251206,0.021988089784699953
test_translator,6,False,False,False,1224,1790,0.6837988826815642,0.6971153846153846,0.6941747572815534,5.214951,5351.514629,399,22818148,22153152,259677,139731,8769,108,48,0.40825958702064896,0.8147029405803627,0.05929203539823009
test_translator,7,False,False,False,1347,1960,0.6872448979591836,0.7235294117647059,0.825,2.798673,2922.373111,372,14931860,14794624,75291,40231,9081,117,48,0.40387314061184393,0.8224728375817808,0.06539433062026383
test_translator,8,False,False,False,1433,2069,0.6926051232479459,0.7889908256880734,0.8,0.193491,485.090173,59,552362,521920,20265,11604,9351,123,50,0.3984562150652116,0.8355849932353009,0.0657439446366782
textdrop,1,True,True,True,28,28,1.0,1.0,1.0,0.037049,78.969165,16,45702,38400,5992,292,287,6,12,0.16176470588235295,0.4214132272767432,0.029411764705882353
textdrop,2,False,False,True,63,66,0.9545454545454546,0.9210526315789473,1.0,0.177824,314.470822,55,461193,434176,20672,9148,443,12,8,0.21428571428571427,0.0,0.07142857142857142
textdrop,3,False,False,True,91,95,0.9578947368421052,0.9655172413793104,1.0,0.216819,385.416818,43,539471,506496,26113,15503,645,17,11,0.18681318681318682,0.22494677197018847,0.04835164835164835
textdrop,4,False,False,True,113,118,0.9576271186440678,0.9565217391304348,1.0,0.549941,742.429903,83,1942445,1879168,47290,32707,1081,25,19,0.19665271966527198,0.40012555009771134,0.06834030683403068
textdrop,5,False,True,True,140,145,0.9655172413793104,1.0,1.0,0.232709,360.033894,55,674651,637760,23906,5798,1265,31,19,0.18374558303886926,0.4163419021656981,0.06478209658421673
textdrop,6,False,False,True,176,183,0.9617486338797814,0.9473684210526315,1.0,0.8103640000000001,1149.025934,179,2947506,2846848,64811,27340,1832,41,20,0.2097902097902098,0.4144953896993599,0.0675990675990676
trajectory_api,1,False,False,True,63,64,0.984375,0.984375,1.0,0.31988,532.635911,29,585447,534080,46407,27342,1283,29,44,0.2717171717171717,0.6951793604360914,0.08686868686868687
trajectory_api,2,False,False,False,139,146,0.952054794520548,0.926829268292683,0.8333333333333334,0.444105,615.192697,52,1140544,1070464,51564,24741,1634,36,33,0.3933649289099526,0.6575052936439848,0.14218009478672985
trajectory_api,3,False,False,True,241,256,0.94140625,0.9272727272727272,1.0,0.151354,246.303616,32,349987,320128,17942,8202,2192,43,33,0.370005790387956,0.7631988211321552,0.16097278517660682
trajectory_api,4,False,False,True,291,355,0.819718309859155,0.5050505050505051,1.0,1.177158,1318.182804,114,4584166,4464064,87203,51976,4246,89,75,0.29303703703703704,0.8240179546300929,0.1194074074074074
trajectory_api,5,False,False,False,303,373,0.8123324396782842,0.6666666666666666,0.6666666666666666,1.030921,1299.229364,105,3703833,3577984,84723,48108,6020,121,75,0.33347167462129074,0.8491268033704719,0.11807428927163312
xjq,1,True,True,True,23,23,1.0,1.0,1.0,0.015653,62.157734,12,17792,14720,2595,952,92,2,18,0.896551724137931,0.9890109890109889,0.0
xjq,2,False,False,False,48,51,0.9411764705882353,0.8928571428571429,0.9230769230769231,0.212912,504.98596,41,434763,402496,29465,24158,271,11,20,0.1377551020408163,0.5821129696964061,0.0
xjq,3,False,True,True,93,96,0.96875,1.0,1.0,0.128657,283.175075,45,319110,297792,15189,8225,389,15,20,0.2545454545454545,0.5579517371709738,0.0
xjq,4,False,False,True,118,122,0.9672131147540983,0.9615384615384616,1.0,0.069954,188.435645,22,112295,97344,10044,4660,456,15,20,0.5365853658536586,0.6976293248680187,0.0
xjq,5,False,False,True,161,167,0.9640718562874252,0.9555555555555556,1.0,0.28968499999999997,748.705824,84,640493,590272,36883,24186,968,21,31,0.5197657393850659,0.6036054773848627,0.2664714494875549
