problem,checkpoint,include_prior_tests,checkpoint_state,checkpoint_version,timeout_seconds
circuit_eval,1,true,Core Tests,1,30.0
circuit_eval,2,true,Core Tests,1,30.0
circuit_eval,3,true,Core Tests,1,30.0
circuit_eval,4,true,Core Tests,1,30.0
circuit_eval,5,true,Core Tests,1,30.0
circuit_eval,6,true,Core Tests,1,30.0
circuit_eval,7,true,Core Tests,1,30.0
circuit_eval,8,true,Core Tests,1,30.0
code_search,1,true,Core Tests,1,10.0
code_search,2,true,Core Tests,1,10.0
code_search,3,true,Core Tests,1,10.0
code_search,4,true,Core Tests,1,10.0
code_search,5,true,Core Tests,1,10.0
dag_execution,1,true,Core Tests,1,60.0
dag_execution,2,true,Core Tests,1,60.0
dag_execution,3,true,Core Tests,1,60.0
database_migration,1,true,Core Tests,1,60.0
database_migration,2,true,Core Tests,1,60.0
database_migration,3,true,Core Tests,1,60.0
database_migration,4,true,Core Tests,1,60.0
database_migration,5,true,Core Tests,1,60.0
dynamic_config_service_api,1,true,Core Tests,1,60.0
dynamic_config_service_api,2,true,Core Tests,1,60.0
dynamic_config_service_api,3,false,Core Tests,1,60.0
dynamic_config_service_api,4,false,Core Tests,1,60.0
etl_pipeline,1,true,Core Tests,1,10.0
etl_pipeline,2,true,Core Tests,1,10.0
etl_pipeline,3,true,Core Tests,1,10.0
etl_pipeline,4,true,Core Tests,1,10.0
etl_pipeline,5,true,Core Tests,1,10.0
file_backup,1,true,Core Tests,1,20.0
file_backup,2,true,Core Tests,1,20.0
file_backup,3,true,Core Tests,1,20.0
file_backup,4,true,Core Tests,1,20.0
xjq,1,true,Core Tests,2,30.0
xjq,2,true,Core Tests,2,30.0
xjq,3,true,Core Tests,2,30.0
xjq,4,true,Core Tests,2,30.0
xjq,5,true,Core Tests,2,30.0
